id;front_content;back_content;front_sound_file_path
1;烏鴉\nwu1 aa1;raven;not_available.mp3
2;啞巴\naa2 baa1;a mute person;not_available.mp3
3;亞洲\naa3 zau1;Asia;not_available.mp3
4;爸爸\nbaa4 baa1;father;not_available.mp3
5;把持\nbaa2 ci4;to hold (stocks);not_available.mp3
6;霸王\nbaa3 wong4;tyrannical;not_available.mp3
7;罷就\nbaa6 zau6;So be it.;not_available.mp3
8;差\ncaa1;bad/terrible;not_available.mp3
9;樹杈\nsyu6 caa3;tree branches;not_available.mp3
10;綠茶\nluk6 caa4;green tea;not_available.mp3
11;扠𢰸\ncaa5 wo6;to ruin others things or events;not_available.mp3
12;一打\njat1 daa1;a dozen;not_available.mp3
13;打鼓\ndaa2 gu2;to play the drums;not_available.mp3
14;花\nfaa1;flowers;not_available.mp3
15;變化\nbin3 faa3;change (noun);not_available.mp3
16;家庭\ngaa1 ting4;family;not_available.mp3
17;假貨\ngaa2 fo3;fake goods;not_available.mp3
18;放假\nfong3 gaa3;to be on vacation;not_available.mp3
19;㗎\ngaa4;Cantonese final particle;not_available.mp3
20;西瓜\nsai1 gwaa1;watermelon;not_available.mp3
21;寡婦\ngwaa2 fuu5;widow;not_available.mp3
22;掛住\ngwaa3 zyu6;to miss (someone or something);not_available.mp3
23;蝦仁\nhaa1 jan4;a kind of prawn;not_available.mp3
24;吓\nhaa2;something you say in mild surprise;not_available.mp3
25;瑕疵\nhaa4 ci1;defect;not_available.mp3
26;烚吓烚吓\nsaap6 haa5 saap6 haa5;to go through life and you are really out of it;not_available.mp3
27;下面\nhaa6 min6;below;not_available.mp3
28;哎呀\nai1 jaa1;something you say when exclaiming how ungrateful someone is;not_available.mp3
29;也\njaa5;also (written);not_available.mp3
30;廿個人\njaa6 go3 jan4;twenty people;not_available.mp3
31;卡位\nkaa1 wai2;booth seating;not_available.mp3
32;咔咔聲\nkaa4 kaa2 seng1;sound of laughing;not_available.mp3
33;誇張\nkwaa1 zoeng1;exaggerated;not_available.mp3
34;黃馬褂\nwong4 maa5 kwaa2;someone who has special power;not_available.mp3
35;胯下\nkwaa3 haa6;groin;not_available.mp3
36;啦啦隊\nlaa1 laa1 deoi2;cheerleading team;not_available.mp3
37;揦手\nlaa2 sau2;to be difficult to handle;not_available.mp3 
38;門罅\nmun4 laa3;door gap;not_available.mp3
39;啦啦林\nlaa4 laa4 lam4;quickly (when telling someone to do something);not_available.mp3
40;媽媽\nmaa4 maa1;mother;not_available.mp3
41;之嘛\nzi1 maa3;Cantonese final particle;not_available.mp3
42;嫲嫲\nmaa4 maa4;grandmother;not_available.mp3
43;馬\nmaa5;horse;not_available.mp3
44;罵人\nmaa6 jan4;to yell at someone (scolding them);not_available.mp3
45;乸型\nnaa2 jing4;sissy;not_available.mp3
46;加拿大\ngaa1 naa4 daai6;Canada;not_available.mp3
47;那\nnaa5;that;not_available.mp3
48;門牙\nmun4 ngaa4;incisor;not_available.mp3
49;優雅\njau1 ngaa5;elegant;not_available.mp3
